research_field,topic_label,topic_words
Artificial Intelligence,Natural Language Processing,"natural, language, processing, text, understanding"
Artificial Intelligence,Reinforcement Learning Agents,"reinforcement, agent, environment, reward, policy"
Artificial Intelligence,AI Ethics and Fairness,"data, bias, fairness, ethics, transparency"
Artificial Intelligence,Knowledge Representation & Logic,"knowledge, representation, reasoning, ontology, logic"
Knowledge Representation,Formal Ontology and Logic,"ontology, logic, semantics, description, reasoning"
Knowledge Representation,Nonmonotonic Reasoning Systems,"nonmonotonic, defeasibility, belief, revision, default"
Knowledge Representation,Structured Representation Formalisms,"rules, production, frames, networks, semantic"
Knowledge Representation,Agent Knowledge and Reasoning,"agent, architecture, intelligent, belief, intention"
Knowledge Representation,Explainable Knowledge Representation,"explainable, interpretability, transparency, symbolic, justification"
Non-Monotonic Reasoning,Default Logic and Uncertainty,"defeasibility, logic, inference, default, uncertainty"
Non-Monotonic Reasoning,First-Order Circumscription,"circumscription, minimization, predicate, abnormal, models"
Non-Monotonic Reasoning,Autoepistemic Logic,"autoepistemic, belief, knowledge, extensions, stable"
Non-Monotonic Reasoning,Abductive Reasoning Formalisms,"abduction, explanation, hypothesis, diagnostics, evidence"
Non-Monotonic Reasoning,Belief Revision and Change,"revision, change, contraction, expansion, theory"
Non-Monotonic Reasoning,Abstract Argumentation Frameworks,"argumentation, semantics, frameworks, attack, justification"
Explainable AI,Post-hoc Explainability Methods,"post-hoc, lime, shap, explanation, approximation"
Explainable AI,Ethical AI and Trust,"fairness, bias, accountability, ethics, trust"
Explainable AI,Causal and Counterfactual Explanations,"counterfactual, recourse, causal, what-if, influence"
Explainable AI,Human-Centered XAI,"human, user, interface, evaluation, cognition"
Explainable AI,Visual Explanation Techniques,"visual, heatmap, saliency, attention, visualization"
Commonsense Reasoning,Inference in Commonsense,"inference, nonmonotonic, logic, deduction, abduction"
Commonsense Reasoning,Temporal and Causal Reasoning,"time, causality, actions, events, planning"
Commonsense Reasoning,Mental State Reasoning,"beliefs, desires, intentions, emotions, theory"
Commonsense Reasoning,Data and Benchmarking,"crowdsourcing, human, labeling, evaluation, benchmarks"
Logic and Ontology,First-Order Logic Foundations,"first-order, quantifiers, predicates, logic, semantics"
Logic and Ontology,Knowledge Representation and Inference,"knowledge, representation, reasoning, inference, axioms"
Logic and Ontology,Description Logic Modeling,"classes, roles, individuals, dl, description"
Logic and Ontology,Ontologies for Semantic Web,"semantic, web, owl, rdf, alignment"
Logic and Ontology,Non-Classical and Modal Logics,"modal, temporal, non-monotonic, default, belief"
Logic and Ontology,Automated Reasoning and Proof,"automated, theorem, proving, resolution, unification"
Logic and Ontology,Logic-Based Knowledge Graphs,"graph, data, schema, linked, triple"
Neuro-Symbolic AI,Neuro-Symbolic Integration,"neural, symbolic, integration, knowledge, logic"
Neuro-Symbolic AI,Automated Reasoning & Planning,"reasoning, automatic, planning, constraints, consistency"
Neuro-Symbolic AI,Knowledge Representation,"representation, graph, ontology, facts, rules"
Neuro-Symbolic AI,Explainable Neuro-Symbolic AI,"explainable, interpretability, trust, transparency, insights"
Neuro-Symbolic AI,Differentiable Logic Programming,"program, synthesis, logic, programming, differentiable"
Neuro-Symbolic AI,Neuro-Symbolic Applications,"commonsense, robotics, nlp, vision, application"
Explainable AI,Foundational XAI Concepts,"interpretability, transparency, trust, fidelity, auditability"
Explainable AI,Model-Agnostic Explainers,"lime, shap, agnostic, local, importance"
Explainable AI,Feature Importance & Visualization,"features, relevance, attribution, heatmaps, visualization"
Explainable AI,Responsible AI and XAI,"responsible, fairness, bias, governance, ethics"
Explainable AI,Causal and Contrastive Explanations,"causality, counterfactual, systems, why, what-if"
Explainable AI,Inherently Interpretable Models,"rules, trees, linear, logic, inherent"
Generative AI,Generative Adversarial Networks,"gan, adversarial, generator, discriminator, network"
Generative AI,Transformer-based Models,"transformer, attention, sequence, language, modeling"
Generative AI,Text-to-Image Generation,"text, image, synthesis, multimodal, generation"
Generative AI,Controlled Content Generation,"prompt, engineering, control, conditioning, inputs"
Generative AI,Generative AI Ethics,"ethical, bias, safety, alignment, responsible"
Knowledge Representation & Reasoning,Ontological Knowledge Representation,"ontology, logic, semantics, description, inference"
Knowledge Representation & Reasoning,Nonmonotonic Logic and Belief Revision,"nonmonotonic, defeasible, revision, belief, update"
Knowledge Representation & Reasoning,Commonsense and Qualitative Reasoning,"commonsense, knowledgebase, concept, context, qualitative"
Knowledge Representation & Reasoning,Knowledge Graphs and Semantic Networks,"graph, semantic, network, frame, relationships"
Knowledge Representation & Reasoning,Logic Programming and Deduction,"logic, programming, prolog, rule, deductive"
Knowledge Representation & Reasoning,Automated Reasoning and Theorem Proving,"automated, theorem, proving, satisfiability, solver"
Knowledge Representation & Reasoning,Neuro-Symbolic Integration,"neurosymbolic, integration, neural, logic, hybrid"
Machine Learning,Deep Learning Optimization,"gradient, loss, backpropagation, weights, optimization"
Machine Learning,Reinforcement Learning Agents,"reinforcement, agent, environment, reward, policy"
Machine Learning,Unsupervised Learning Techniques,"unsupervised, clustering, dimensionality, reduction, manifold"
Machine Learning,Ethical AI and Fairness,"dataset, bias, fairness, interpretability, ethics"
Machine Learning,Convolutional Neural Networks,"convolutional, neural, image, vision, recognition"
Machine Learning,Attention Mechanisms in NLP,"transformer, attention, sequence, nlp, language"
Machine Learning,Tree-Based Ensemble Methods,"trees, ensemble, boosting, random, forest"
Face Recognition,Facial Detection and Alignment,"detection, tracking, alignment, localization, features"
Face Recognition,Deep Learning for Recognition,"deep, convolutional, network, learning, embeddings"
Face Recognition,Robustness to Face Variations,"illumination, pose, occlusion, robustness, variations"
Face Recognition,Age-Invariant Recognition,"age, invariance, cross-age, aging, progression"
Face Recognition,Facial Expression and Emotion,"expression, emotion, analysis, behavioral, dynamic"
Face Recognition,Biometric Security and Liveness,"biometric, verification, identification, liveness, spoofing"
Pattern Recognition,Supervised Pattern Classification,"classification, features, training, testing, model"
Pattern Recognition,Unsupervised Data Clustering,"clustering, unsupervised, similarity, distance, groups"
Pattern Recognition,Deep Learning Techniques,"deep, networks, convolutional, recurrent, learning"
Pattern Recognition,Visual Pattern Recognition,"image, pixels, segmentation, object, detection"
Pattern Recognition,Acoustic Pattern Analysis,"speech, audio, voice, recognition, signal"
Pattern Recognition,Temporal Sequence Mining,"sequential, temporal, series, dynamics, prediction"
Pattern Recognition,Feature Engineering & Reduction,"feature, extraction, selection, dimensionality, reduction"
Signal Processing,Digital Signal Processing Fundamentals,"digital, sampling, quantization, filtering, transforms"
Signal Processing,Audio & Speech Signal Processing,"audio, speech, acoustic, music, compression"
Signal Processing,Image and Video Processing,"image, video, processing, segmentation, computer"
Signal Processing,Wireless Communications Signal Processing,"wireless, communication, channel, mimo, waveform"
Signal Processing,Time-Frequency Spectral Analysis,"time, frequency, analysis, spectral, estimation"
Signal Processing,Signal Processing via AI/ML,"machine, learning, deep, neural, algorithms"
Signal Processing,Sensor Array Signal Processing,"sensor, array, radar, detection, estimation"
Artificial Intelligence,Deep Neural Networks,"neural, networks, deep, learning, model"
Artificial Intelligence,Reinforcement Learning Agents,"reinforcement, agent, reward, policy, environment"
Artificial Intelligence,Natural Language Processing,"language, natural, processing, semantics, text"
Artificial Intelligence,Image Recognition & Vision,"computer, vision, image, detection, recognition"
Artificial Intelligence,Knowledge Representation Logic,"logic, knowledge, reasoning, representation, ontology"
Artificial Intelligence,Explainable AI (XAI),"explainable, interpretability, transparency, xai, feature"
Cognitive Science,Human Memory Processes,"memory, encoding, retrieval, working, long-term"
Cognitive Science,Sensory Perception and Processing,"perception, sensory, processing, visual, auditory"
Cognitive Science,Language and Communication,"language, comprehension, production, linguistics, semantics"
Cognitive Science,Decision Making and Judgment,"decision, making, rationality, heuristics, judgment"
Cognitive Science,Attention and Cognitive Control,"attention, selective, sustained, executive, control"
Cognitive Science,Problem Solving and Reasoning,"problem, solving, reasoning, logic, deduction"
Cognitive Science,Computational Neuroscience Modeling,"neural, networks, computation, brain, modeling"
Agentic AI,Multi-Agent Systems,"agent, multiagent, coordination, negotiation, interaction"
Agentic AI,Autonomous Agent Planning,"planning, reasoning, goal, environment, deliberation"
Agentic AI,Responsible Agentic AI,"safety, alignment, ethics, governance, responsible"
Agentic AI,LLM-Powered Agents,"llm, tool, memory, orchestration, chaining"
Agentic AI,Agent Learning & Adaptation,"learning, adaptation, reinforcement, evolution, self-improving"
Agentic AI,Human-Agent Interaction,"human-agent, collaboration, trust, interface, teaming"
Agentic AI,Agentic Problem Solving,"exploration, search, problem, solving, action"
Analogical Reasoning,Structural Mapping and Transfer,"mapping, structure, relations, similarity, transfer"
Analogical Reasoning,Analogical Problem Solving,"problem, solving, retrieval, source, target"
Analogical Reasoning,Metaphor and Conceptual Analogy,"metaphor, conceptual, language, figurative, creativity"
Analogical Reasoning,Analogical AI Systems,"ai, reasoning, models, computational, systems"
Analogical Reasoning,Justification of Analogical Reasoning,"justification, induction, deduction, argument, epistemology"
Analogical Reasoning,Analogy in Scientific Discovery,"scientific, discovery, model, hypothesis, innovation"
Sketch recognition,Digital Ink Processing,"digital, ink, strokes, segmentation, gestures"
Sketch recognition,Template-Based Recognition,"template, matching, primitive, feature, geometric"
Sketch recognition,Model Evaluation & Training,"classifier, training, accuracy, model, dataset"
Sketch recognition,Interactive Sketch Interfaces,"haptics, interaction, user, interface, multimodal"
Sketch recognition,Semantic Sketch Interpretation,"semantics, understanding, concept, context, domain"
Sketch recognition,Sketch-Based Image Retrieval,"retrieval, search, query, image, content"
LoRa modulation and performance analysis,Chirp Spread Spectrum,"chirp, spread, spectrum, css, bandwidth"
LoRa modulation and performance analysis,Spreading Factor Optimization,"spreading, factor, datarate, range, tradeoff"
LoRa modulation and performance analysis,Interference and Coexistence,"interference, coexistence, collision, duty-cycle, throughput"
LoRa modulation and performance analysis,Bit Error Rate Analysis,"ber, snr, fading, channel, analysis"
LoRa modulation and performance analysis,LoRaWAN Protocol Performance,"lorawan, mac, network, gateway, end-device"
LoRa modulation and performance analysis,Energy Efficiency in LoRa,"energy, battery, power, consumption, efficiency"
Wireless sensor networks,Energy Efficient WSNs,"energy, efficiency, lifetime, power, management"
Wireless sensor networks,Sensor Node Localization,"localization, node, positioning, tracking, geographical"
Wireless sensor networks,WSN Security and Trust,"security, intrusion, encryption, threat, detection"
Wireless sensor networks,In-Network Data Processing,"data, aggregation, compression, processing, storage"
Wireless sensor networks,Quality of Service,"quality, service, qos, latency, reliability"
Wireless sensor networks,MAC Layer Scheduling,"mac, scheduling, access, collision, medium"
IoT communications,Standard IoT Protocols,"protocol, mqtt, coap, lorawan, http"
IoT communications,IoT Security and Privacy,"security, privacy, authentication, encryption, trust"
IoT communications,Low-Power Wide Area Networks,"low-power, lpwan, energy, efficiency, battery"
IoT communications,IoT Resource Management,"network, resource, allocation, optimization, management"
IoT communications,Edge and Fog Computing,"edge, fog, computing, processing, offloading"
IoT communications,Wireless Sensor Networking,"wireless, sensor, m2m, devices, connectivity"
Energy-efficient communications,Low-Power IoT Communication,"lpwan, iot, low-power, sensor, battery"
Energy-efficient communications,MAC Layer Efficiency Protocols,"mac, protocol, sleep, wakeup, duty-cycle"
Energy-efficient communications,Wireless Resource Optimization,"resource, allocation, scheduling, power, optimization"
Energy-efficient communications,Data Center Energy Reduction,"hvac, cooling, data, centers, consumption"
Energy-efficient communications,AI for Energy Management,"ai, machine, learning, predictive, management"
Energy-efficient communications,Smart Grid Energy Efficiency,"smart, grid, demand, response, utility"
Resource Allocation,Cloud Resource Management,"cloud, storage, computing, cpu, bandwidth"
Resource Allocation,Project Resource Planning,"project, management, capacity, planning, workload"
Resource Allocation,Energy-Efficient Resource Use,"energy, power, consumption, green, sustainability"
Cloud/edge/offloading in wireless/mobile networks,Mobile Edge Computation Offloading,"offloading, computation, edge, mobile, latency"
Cloud/edge/offloading in wireless/mobile networks,Wireless Resource Allocation Optimization,"resource, allocation, scheduling, wireless, optimization"
Cloud/edge/offloading in wireless/mobile networks,Hierarchical Edge-Cloud Architectures,"cloud, fog, edge, hierarchy, deployment"
Cloud/edge/offloading in wireless/mobile networks,Content Caching at the Edge,"caching, content, distribution, prefetching, edge"
Cloud/edge/offloading in wireless/mobile networks,Federated Learning in Edge Networks,"learning, federated, edge, distributed, training"
Cloud/edge/offloading in wireless/mobile networks,Security and Privacy in Edge Computing,"security, privacy, authentication, trust, data"
Image Encryption,Chaos-Based Image Encryption,"scrambling, diffusion, permutation, pixel, confusion"
Image Encryption,Conventional Encryption Algorithms,"stream, block, cipher, aes, des"
Image Encryption,Transform Domain Encryption,"transform, wavelet, fourier, domain, dct"
Image Encryption,Image Security Analysis,"security, analysis, histogram, entropy, correlation"
Image Encryption,AI in Image Cryptography,"neural, convolutional, network, deep, machine"
Image Encryption,DNA-Based Image Cryptography,"dna, rna, nucleotides, sequence, biological"
Image Encryption,Encrypted Image Compression,"compression, lossless, jpeg, data, efficiency"
Digital Signal Processing,Frequency Domain Analysis,"fft, dft, transform, frequency, analysis"
Digital Signal Processing,Digital Filter Design,"convolution, filter, impulse, response, design"
Digital Signal Processing,Signal Conversion Principles,"sampling, quantization, aliasing, reconstruction, theorem"
Digital Signal Processing,Wavelet Signal Processing,"wavelet, decomposition, multiresolution, compression, denoising"
Digital Signal Processing,Audio Signal Processing,"speech, audio, voice, recognition, enhancement"
Digital Signal Processing,Spectral Estimation Methods,"estimation, spectral, power, density, periodogram"
Digital Communications,Digital Modulation Techniques,"modulation, demodulation, carrier, symbol, techniques"
Digital Communications,Channel Coding & Error Control,"channel, coding, error, detection, correction"
Digital Communications,Multiple Access and Sharing,"multiplexing, access, multiple, frequency, division"
Digital Communications,Wireless Communication Networks,"networks, wireless, cellular, protocols, standards"
Digital Communications,Digital Signal Processing,"signal, processing, digital, sampling, filter"
Digital Communications,Information Theory Principles,"information, theory, entropy, capacity, shannon"
Digital Communications,Channel Impairments and Performance,"fading, interference, noise, channel, performance"
Cellular Mobile Communications,Next-Generation Cellular Networks,"5g, beyond, latency, massive, mimo"
Cellular Mobile Communications,Dynamic Spectrum Management,"spectrum, sensing, cognitive, dynamic, allocation"
Cellular Mobile Communications,IoT and Wireless Sensor Networks,"internet, iot, sensor, energy, network"
Cellular Mobile Communications,Mobile Edge Computing,"edge, computing, mobile, offloading, distributed"
Cellular Mobile Communications,Mobile Network Security,"security, blockchain, framework, threat, encryption"
Cellular Mobile Communications,Resource Allocation Optimization,"resource, optimization, scheduling, power, allocation"
Cellular Mobile Communications,Vehicular Communications (V2X),"vehicle, v2x, d2d, communication, vehicular"
Wireless communications systems,Massive MIMO Systems,"mimo, massive, channel, precoding, diversity"
Wireless communications systems,Cognitive Radio Spectrum Management,"spectrum, cognitive, resource, allocation, interference"
Wireless communications systems,Next-Generation Mobile Networks,"5g, 6g, networks, future, broadband"
Wireless communications systems,Physical Layer Security,"security, encryption, privacy, physical, authentication"
Wireless communications systems,Wireless Channel Modeling,"channel, estimation, equalization, propagation, modeling"
Wireless communications systems,IoT Sensor Networks,"iot, sensor, low-power, lpwan, connectivity"
Wireless communications systems,Advanced Modulation and Coding,"modulation, coding, ofdm, techniques, performance"
Channel Estimation,MIMO-OFDM Channel Modeling,"mimo, ofdm, wireless, systems, multipath"
Channel Estimation,LS Channel Estimation Techniques,"least, squares, estimation, pilot-based, performance"
Channel Estimation,MMSE Estimation Algorithms,"mmse, minimization, error, linear, adaptive"
Channel Estimation,Deep Learning Channel Estimation,"deep, learning, neural, networks, data-driven"
Channel Estimation,Sparse Channel Estimation,"compressed, sensing, sparse, channel, recovery"
Channel Estimation,Blind Channel Estimation Methods,"blind, subspace, hos-based, conventional, data"
Channel Estimation,Massive MIMO Channel Estimation,"massive, hybrid, millimeter-wave, beamforming, 5g"
MIMO Systems,Massive MIMO Beamforming,"antenna, massive, beamforming, arrays, spatial"
MIMO Systems,Channel Estimation Challenges,"channel, estimation, feedback, aging, delay"
MIMO Systems,Efficiency Optimization in MIMO,"spectral, energy, efficiency, performance, optimization"
MIMO Systems,Multi-User Interference Mitigation,"multi-user, interference, mitigation, detection, scheduling"
MIMO Systems,Adaptive Precoding Techniques,"precoding, adaptive, matrix, downlink, uplink"
MIMO Systems,MmWave MIMO Systems,"millimeter, wave, frequency, propagation, band"
MIMO Systems,Reconfigurable Intelligent Surfaces,"ris, intelligent, surfaces, reflecting, reconfigurable"
Cooperative Relaying,Cooperative Diversity Techniques,"diversity, spatial, fading, channel, combine"
Cooperative Relaying,Optimal Relay Selection Schemes,"selection, best, protocol, performance, outage"
Cooperative Relaying,Amplify-and-Forward Protocols,"amplify, forward, decode, protocol, information"
Cooperative Relaying,Cooperative NOMA Networks,"noma, access, multiple, interference, power"
Cooperative Relaying,Resource Allocation Optimization,"resource, allocation, power, spectrum, optimization"
Cooperative Relaying,Secure Cooperative Communication,"secure, secrecy, jamming, eavesdropper, physical"
Cooperative Relaying,Practical Cooperative Systems,"synchronization, distributed, network, asynchronous, practical"
NOMA Networks,NOMA Resource Allocation,"power, allocation, user, grouping, optimization"
NOMA Networks,Successive Interference Cancellation,"successive, interference, cancellation, sic, receiver"
NOMA Networks,NOMA Performance Enhancement,"spectral, efficiency, massive, connectivity, performance"
NOMA Networks,NOMA Multiple Access Schemes,"power-domain, code-domain, scma, pdma, techniques"
NOMA Networks,Channel State Information,"channel, estimation, csi, fading, modeling"
NOMA Networks,AI for NOMA Optimization,"deep, learning, ai, machine, optimization"
NOMA Networks,Advanced NOMA System Architectures,"cooperative, relaying, ris, mimo, systems"
RIS Technology,Intelligent Reflecting Surfaces,"reconfigurable, surface, intelligent, reflection, metasurface"
RIS Technology,RIS Channel Optimization,"channel, estimation, passive, phase, optimization"
RIS Technology,Passive Beamforming Arrays,"beamforming, passive, array, gain, direction"
RIS Technology,RIS in Wireless Communications,"wireless, communications, mimo, noma, coverage"
RIS Technology,Energy Efficient RIS,"energy, efficiency, harvesting, low-power, consumption"
RIS Technology,Physical Layer Security,"security, privacy, physical-layer, eavesdropping, encryption"
RIS Technology,AI-Driven RIS Control,"reinforcement, learning, ai, control, deep"
Power Optimization,Energy Consumption Efficiency,"consumption, efficiency, reduction, management, system"
Power Optimization,Optimization Algorithms & Modeling,"algorithms, mathematical, linear, nonlinear, constraints"
Power Optimization,Wireless Network Power Allocation,"wireless, transmission, resource, allocation, network"
Power Optimization,AI for Power Optimization,"machine, learning, predictive, forecasting, adaptive"
Full-Duplex Systems,Self-Interference Cancellation Techniques,"self-interference, cancellation, analog, digital, mitigation"
Full-Duplex Systems,Simultaneous Bidirectional Wireless Communication,"duplex, transmission, simultaneous, bidirectional, wireless"
Full-Duplex Systems,MIMO Full-Duplex Systems,"mimo, networks, beamforming, massive, spatial"
Full-Duplex Systems,Full-Duplex Performance Metrics,"throughput, efficiency, spectrum, data, rate"
Full-Duplex Systems,Full-Duplex Hardware Implementation,"hardware, circuit, integrated, rf, design"
Full-Duplex Systems,Channel Estimation and Modeling,"channel, estimation, modeling, equalization, propagation"
Radio Frequency,Antenna Design and Arrays,"antenna, design, radiation, impedance, array"
Radio Frequency,Microwave and mmWave Circuits,"microwave, frequency, millimeterwave, circuits, waveguide"
Radio Frequency,Radio Wave Propagation,"propagation, channel, fading, electromagnetic, pathloss"
Radio Frequency,RF Transceiver Systems,"transmitter, receiver, transceiver, modulation, system"
Radio Frequency,RF Circuit Components,"lna, mixer, amplifier, oscillator, filter"
Radio Frequency,RF Power Amplifiers,"power, linearity, efficiency, amplifier, consumption"
Radio Frequency,RF Characterization and Modeling,"s-parameters, matching, network, measurement, simulation"
Microwave Technology,Antenna and Array Design,"antenna, array, matching, feed, phased"
Microwave Technology,Passive Component Modeling,"filter, coupler, splitter, waveguide, resonator"
Microwave Technology,Active Circuit Design,"amplifier, oscillator, mixer, noise, gain"
Microwave Technology,Microwave Sensing Systems,"radar, sensing, detection, imaging, system"
Microwave Technology,Transmission Line Theory,"transmission, line, impedance, microstrip, s-parameters"
Microwave Technology,Signal Processing Techniques,"fourier, time, frequency, signal, spectrum"
Microwave Technology,High-Power Microwave Devices,"power, device, semiconductor, gallium, nitride"
Antenna Design,Microstrip Patch Antennas,"microstrip, patch, substrate, radiation, impedance"
Antenna Design,Antenna Arrays and MIMO,"array, mimo, beamforming, phased, coupling"
Antenna Design,Ultrawideband Antenna Systems,"ultrawideband, frequency, bandwidth, impulse, time"
Antenna Design,Wearable and Implantable Antennas,"wearable, implantable, flexible, medical, body"
Antenna Design,Metamaterial-Based Antenna Structures,"metamaterial, structure, composite, negative, refractive"
Antenna Design,Reconfigurable Antenna Design,"reconfigurable, tuning, switch, p-i-n, frequency"
Radio Frequency,Antenna Theory and Design,"antenna, array, design, radiation, impedance"
Radio Frequency,RF and Microwave Circuits,"microwave, millimeterwave, circuits, passive, active"
Radio Frequency,RF Signal Propagation,"signal, propagation, channel, fading, electromagnetic"
Radio Frequency,RF Power Amplifiers,"amplifier, power, linearization, efficiency, wideband"
Radio Frequency,RF Filtering and Components,"filter, duplexer, frequency, selectivity, resonator"
Radio Frequency,Wireless RF Systems,"wireless, communication, systems, receiver, transmitter"
Radio Frequency,RF Sensing and Radar,"sensing, radar, imaging, remote, detection"
Microwave Technology,Antenna Array Beamforming,"antenna, array, phased, beamforming, gain"
Microwave Technology,Microwave Circuit Components,"circuits, devices, passive, active, components"
Microwave Technology,High-Efficiency Power Amplifiers,"power, amplifier, doherty, efficiency, linearity"
Microwave Technology,Wireless Communication Systems,"wireless, communication, systems, 5g, satellite"
Microwave Technology,Substrate Integrated Waveguide Components,"waveguide, substrate, integrated, filter, coupler"
Microwave Technology,Radar System Design,"radar, systems, duplexer, transmitter, receiver"
Microwave Technology,Metamaterials and Modeling,"metamaterial, electromagnetic, characterization, modeling, simulation"
Antenna Design,Phased Array Beam Steering,"phased, array, beamforming, scanning, elements"
Antenna Design,Microstrip Patch Antenna,"microstrip, patch, substrate, fed, resonant"
Antenna Design,Dielectric Resonator Antennas,"dielectric, resonator, modes, radiation, efficiency"
Antenna Design,Metamaterial Antenna Structures,"metamaterial, unit, cell, surface, negative"
Antenna Design,Multiband Antenna Systems,"multiband, wideband, frequency, reconfigurable, tuning"
Antenna Design,MIMO Antenna Design,"mimo, multiple, channel, correlation, capacity"
Network Resource Optimization,Network Performance Metrics,"bandwidth, throughput, latency, congestion, qos"
Network Resource Optimization,Resource Allocation Mechanisms,"allocation, scheduling, fairness, optimization, capacity"
Network Resource Optimization,AI for Network Optimization,"machine, learning, reinforcement, predictive, automation"
Network Resource Optimization,Energy-Efficient Networking,"energy, consumption, efficiency, green, sustainable"
Network Resource Optimization,Edge Computing Resource Allocation,"edge, cloud, offloading, computing, mobile"
Network Resource Optimization,Intelligent Traffic Management,"traffic, engineering, routing, load, balancing"
Wireless Networking,Next-Generation Wireless Networks,"five-g, six-g, massive, mimo, cell"
Wireless Networking,IoT Sensor Networks,"iot, sensor, low-power, lpwan, connectivity"
Wireless Networking,Network Resource Optimization,"resource, allocation, scheduling, optimization, spectrum"
Wireless Networking,Mobile Edge Computing,"mobile, edge, computing, caching, offloading"
Wireless Networking,Wireless Network Security,"security, privacy, authentication, encryption, threats"
Wireless Networking,Ad-Hoc and Mesh Networks,"mesh, ad-hoc, routing, protocol, architecture"
Mobile Edge Computing,Computation Offloading Strategies,"offloading, computation, task, delay, resource"
Mobile Edge Computing,Mobile User Mobility Management,"mobility, handover, tracking, user, management"
Mobile Edge Computing,Edge Computing for IoT,"iot, sensor, data, processing, network"
Mobile Edge Computing,Edge Security and Privacy,"security, privacy, authentication, encryption, trust"
Mobile Edge Computing,Content Caching and Delivery,"caching, content, distribution, storage, delivery"
Mobile Edge Computing,Network Performance Optimization,"latency, throughput, reliability, performance, optimization"
Mobile Edge Computing,Wireless Resource Allocation,"spectrum, scheduling, allocation, interference, wireless"
Distributed Systems,Fault Tolerance & Consensus,"consistency, fault, replication, paxos, raft"
Distributed Systems,System Scalability & Performance,"concurrency, scalability, latency, throughput, performance"
Distributed Systems,Distributed Communication Protocols,"message, rpc, protocol, inter-process, communication"
Distributed Systems,Resource Management & Allocation,"scheduling, resource, allocation, load, balancing"
Distributed Systems,Security in Distributed Systems,"security, encryption, trust, privacy, access"
Distributed Systems,Modern Distributed Architectures,"serverless, microservices, container, orchestration, cloud"
Linear & Non-Linear Optimization,Linear Programming Methods,"simplex, dual, constraints, feasible, maximization"
Linear & Non-Linear Optimization,Unconstrained Nonlinear Optimization,"gradient, newton, descent, hessian, unconstrained"
Linear & Non-Linear Optimization,Constrained Optimization Conditions,"karush, kuhn, tucker, optimality, constrained"
Linear & Non-Linear Optimization,Nonlinear Optimization Algorithms,"penalty, augmented, lagrangian, barrier, multiplier"
Linear & Non-Linear Optimization,Discrete Optimization,"integer, mixed, branch, bound, combinatorial"
Linear & Non-Linear Optimization,Optimization Step Strategies,"trust, region, linesearch, search, step"
Smart Grid Systems,Grid Reliability and Fault Detection,"detection, self-healing, fault, reliability, estimation"
Smart Grid Systems,Smart Grid Cybersecurity,"security, cyber, protection, privacy, attack"
Smart Grid Systems,Energy Management & Optimization,"optimization, resource, load, energy, management"
Smart Grid Systems,Microgrid Stability and Resilience,"microgrids, islanding, stability, resilience, local"
Energy Management,Demand Response Strategies,"demand, response, load, shedding, pricing"
Energy Management,Renewable Energy Integration,"renewable, integration, grid, stability, forecasting"
Energy Management,Smart Grid Technologies,"smart, grid, communication, infrastructure, metering"
Energy Management,Energy Storage Optimization,"storage, battery, optimization, capacity, scheduling"
Energy Management,Building Energy Efficiency,"building, efficiency, hvac, lighting, insulation"
Energy Management,Energy Performance Analysis,"audits, monitoring, consumption, analysis, baseline"
Energy Management,Microgrid Design & Resilience,"microgrids, resilience, decentralized, reliability, islanding"
Home Energy Optimization,Smart Thermostat Control,"smart, thermostat, hvac, scheduling, control"
Home Energy Optimization,Intelligent Load Management,"load, shifting, appliances, storage, management"
Home Energy Optimization,Home Renewable Energy Systems,"photovoltaic, solar, battery, generation, microgrid"
Home Energy Optimization,Building Envelope Efficiency,"insulation, air, sealing, envelope, efficiency"
Home Energy Optimization,Occupant Behavior and Energy,"behavior, occupancy, awareness, feedback, user"
Home Energy Optimization,Smart Lighting Optimization,"lighting, led, fixtures, dimming, automation"
Advanced materials,Nanomaterials and Synthesis,"nanoparticles, graphene, carbon, synthesis, functionalization"
Advanced materials,Composite Materials Mechanics,"polymer, composite, matrix, fiber, strength"
Advanced materials,Ceramic Processing and Structure,"ceramic, oxide, sintering, structural, porosity"
Advanced materials,Electronic Materials Design,"electronic, semiconductor, device, fabrication, transistor"
Advanced materials,Energy Storage Materials,"battery, storage, electrode, electrolyte, cathode"
Advanced materials,Biomaterials for Tissue Engineering,"scaffold, tissue, regeneration, biocompatibility, implant"
Advanced materials,Computational Materials Science,"computational, modeling, simulation, molecular, density"
composites,Fiber-Matrix Interfacial Science,"fiber, matrix, interfacial, reinforcement, polymer"
composites,Composite Mechanical Properties,"mechanical, tensile, strength, modulus, failure"
composites,Nanocomposite Materials & Fillers,"nanocomposites, carbon, cnts, graphene, filler"
composites,Composite Processing & Manufacturing,"processing, fabrication, curing, laminate, molding"
composites,Damage and Failure Analysis,"damage, fracture, delamination, fatigue, cracking"
composites,Sustainable & Bio-Composites,"bio, natural, recycling, sustainable, cellulose"
materials for solar energy,Perovskite Solar Cells Research,"perovskite, stability, efficiency, structure, halide"
materials for solar energy,Crystalline Silicon PV Technology,"silicon, crystalline, photovoltaic, wafer, cell"
materials for solar energy,Organic Photovoltaic Materials,"polymer, organic, flexible, thin-film, absorber"
materials for solar energy,Compound Semiconductor Thin-Films,"cadmium, telluride, copper, indium, selenide"
Materials for Biomedical Applications,Tissue Engineering Scaffolds,"scaffold, tissue, engineering, regeneration, porosity"
Materials for Biomedical Applications,Controlled Drug Delivery Systems,"drug, delivery, release, controlled, nanoparticle"
Materials for Biomedical Applications,Biomaterial Biocompatibility Assessment,"biocompatibility, host, response, cytotoxicity, surface"
Materials for Biomedical Applications,Orthopedic and Dental Implants,"implant, orthopedic, dental, metallic, ceramic"
Materials for Biomedical Applications,Polymeric Biomaterials,"hydrogel, polymer, alginate, chitosan, biodegradable"
Materials for Biomedical Applications,Biomaterial-based Diagnostics,"biosensor, detection, diagnostic, electrode, sensing"
Materials for Biomedical Applications,Biomaterial Surface Engineering,"surface, modification, coating, functionalization, roughness"
Effect of Processing of Material Properties,Microstructure and Thermal Processing,"microstructure, grain, thermal, phase, kinetics"
Effect of Processing of Material Properties,Processing Influence on Mechanical Properties,"strength, ductility, hardness, fatigue, mechanical"
Effect of Processing of Material Properties,Casting Process Effects,"casting, solidification, fluidity, molding, defects"
Effect of Processing of Material Properties,Metal Forming and Strain Hardening,"forging, rolling, deformation, strain, hardening"
Effect of Processing of Material Properties,Welding and Joining Effects,"welding, residual, stress, distortion, joining"
Effect of Processing of Material Properties,Heat Treatment Processes,"heat, treatment, annealing, quenching, tempering"
Effect of Processing of Material Properties,Additive Manufacturing Parameters,"additive, density, porosity, layer, printing"
materials for solar energy,Perovskite Solar Cell Research,"perovskite, stability, efficiency, degradation, tandem"
materials for solar energy,Crystalline Silicon Materials,"silicon, crystalline, photovoltaic, wafer, junction"
materials for solar energy,Thin-Film Solar Technologies,"thinfilm, amorphous, organic, flexible, deposition"
materials for solar energy,Charge Transport Materials,"charge, transport, layers, extraction, interface"
materials for solar energy,Scalable Material Fabrication,"fabrication, processing, scalable, printing, manufacturing"
materials for solar energy,Solar Material Properties,"absorption, spectrum, bandgap, semiconductor, photons"
materials for solar energy,Material Stability and Reliability,"durability, thermal, moisture, encapsulation, reliability"
Renewable energy,Solar Photovoltaic Energy Systems,"solar, photovoltaic, energy, panel, conversion"
Renewable energy,Wind Energy Conversion Systems,"wind, turbine, farm, power, rotor"
Renewable energy,Sustainable Bioenergy and Biofuels,"bioenergy, biomass, biofuel, sustainable, feedstock"
Renewable energy,Geothermal Energy Resource Extraction,"geothermal, heat, earth, resource, drilling"
Renewable energy,Hydrogen Fuel Cell Technology,"hydrogen, fuel, cell, electrolysis, storage"
Renewable energy,Smart Grid Energy Integration,"grid, smart, storage, integration, optimization"
Renewable energy,Marine Hydrokinetic Energy,"tidal, wave, ocean, hydrokinetic, marine"
solar energy,Photovoltaic Cell Technologies,"photovoltaic, panels, efficiency, silicon, cells"
solar energy,Concentrating Solar Power Systems,"concentrating, thermal, storage, mirror, heat"
solar energy,Solar Grid Integration,"grid, integration, inverter, modeling, stability"
solar energy,Solar Energy Storage,"molten, salt, thermal, duration, battery"
solar energy,Solar Technology Economics,"manufacturing, cost, lifetime, reliability, commercialization"
Computational fluid dynamics,CFD Governing Equations,"navier, stokes, equations, conservation, momentum"
Computational fluid dynamics,Numerical Discretization Methods,"finite, volume, element, difference, discretization"
Computational fluid dynamics,Aerodynamic Flow Analysis,"aerodynamics, aerospace, hypersonics, lift, drag"
Computational fluid dynamics,Fluid Heat Transfer,"heat, transfer, convection, conduction, radiation"
Control Theory,Classical System Analysis,"stability, poles, zeros, feedback, response"
Control Theory,Model Predictive Control,"model, optimization, constraints, receding, horizon"
Control Theory,Nonlinear Control Systems,"nonlinear, lyapunov, feedback, geometric, input-output"
Control Theory,Multi-Agent Networked Control,"multi-agent, networked, consensus, distributed, cooperative"
Control Theory,Optimal Control Theory,"optimal, cost, minimization, dynamic, calculus"
Control Theory,Stochastic Control and Filtering,"stochastic, kalman, noise, probability, uncertainty"
Embedded Systems,Real-Time Operating Systems,"real-time, scheduling, rtos, deadlines, latency"
Embedded Systems,Microcontroller Firmware Development,"microcontroller, firmware, hardware, peripheral, programming"
Embedded Systems,Low-Power Embedded Design,"low-power, energy, battery, optimization, efficiency"
Embedded Systems,Sensor and Actuator Interfacing,"sensors, actuators, interface, control, i/o"
Embedded Systems,Embedded System Security,"security, trust, cryptography, protection, tamper"
Embedded Systems,IoT and Wireless Communication,"iot, wireless, communication, network, connectivity"
Embedded Systems,Embedded System Verification,"verification, testing, debugging, model, validation"
Autonomous Systems,Safe Autonomous Systems,"safety, verification, validation, resilience, certification"
Autonomous Systems,AI for Autonomous Control,"deep, learning, reinforcement, neural, decision"
Autonomous Systems,Perception and Localization,"sensor, fusion, localization, mapping, estimation"
Autonomous Systems,Robot Locomotion and Dynamics,"bipedal, legged, locomotion, kinematics, dynamics"
Autonomous Systems,Multi-Agent Systems,"multi-agent, swarm, coordination, decentralized, communication"
Autonomous Systems,Human-Robot Interaction,"human, interaction, collaboration, trust, interface"
Control Systems,Linear Control System Stability,"linear, system, lmi, lyapunov, stability"
Control Systems,Model Predictive Control,"model, predictive, optimization, constraint, horizon"
Control Systems,Advanced Nonlinear Control,"nonlinear, robust, feedback, backstepping, adaptive"
Control Systems,Fault Detection and Diagnosis,"fault, detection, isolation, diagnosis, tolerance"
Control Systems,Autonomous Systems Control,"autonomous, systems, robotics, coordination, path"
Control Systems,Embedded Control System,"embedded, real-time, microcontroller, hardware, software"
Control Systems,AI in Control Systems,"artificial, learning, neural, fuzzy, data-driven"
Embedded Systems,Real-Time Operating Systems,"rtos, scheduling, real-time, os, priority"
Embedded Systems,Microcontroller Programming & Hardware,"microcontroller, peripheral, programming, assembly, hardware"
Embedded Systems,IoT Sensor Integration,"iot, sensors, connectivity, gateway, cloud"
Embedded Systems,FPGA and ASIC Design,"fpga, vhdl, verilog, logic, asic"
Embedded Systems,Energy-Efficient Embedded Design,"low-power, energy, management, battery, optimization"
Embedded Systems,Embedded System Security,"security, firmware, cryptography, tamper, trustzone"
Embedded Systems,Embedded Communication Protocols,"communication, protocol, spi, i2c, uart"
Robotics and Automation,Robot Motion and Control,"manipulator, kinematics, dynamics, trajectory, control"
Robotics and Automation,Robot Perception and Navigation,"sensor, perception, mapping, localization, navigation"
Robotics and Automation,Robotic Grasping and Manipulation,"gripping, force, tactile, dexterity, end-effector"
Robotics and Automation,Humanoid Robot Locomotion,"humanoid, bipedal, gait, balance, walking"
Robotics and Automation,Multi-Robot Systems and Swarms,"swarm, multi-robot, cooperation, communication, formation"
Robotics and Automation,Robot Learning and Adaptation,"machine, learning, reinforcement, imitation, adaptive"
Robotics and Automation,Industrial Robotics and Manufacturing,"industrial, manufacturing, assembly, welding, inspection"
Architecture and Urban Design,Sustainable Building Performance,"sustainable, energy, efficiency, green, performance"
Architecture and Urban Design,Public Space Urbanism,"public, space, urban, design, placemaking"
Architecture and Urban Design,Historic Preservation & Conservation,"historical, preservation, heritage, conservation, adaptive"
Architecture and Urban Design,Smart City Technology,"smart, city, technology, data, infrastructure"
Architecture and Urban Design,Residential Planning & Housing,"housing, density, affordability, community, residential"
Architecture and Urban Design,Parametric Design & Fabrication,"parametric, form, digital, fabrication, geometry"
Architecture and Urban Design,Climate Resilience and Planning,"resilience, climate, adaptation, disaster, vulnerability"
Sustainable Construction Materials and Techniques,Recycled Aggregate Concrete,"recycled, waste, aggregate, concrete, circular"
Sustainable Construction Materials and Techniques,Geopolymer Cementitious Binders,"geopolymer, cement, binder, alkali, activation"
Sustainable Construction Materials and Techniques,Bio-Based Building Materials,"bamboo, timber, bio-based, natural, renewable"
Sustainable Construction Materials and Techniques,Embodied Carbon Assessment,"life, cycle, assessment, embodied, carbon"
Sustainable Construction Materials and Techniques,Thermal Insulation Optimization,"thermal, insulation, energy, efficiency, envelope"
Sustainable Construction Materials and Techniques,3D Printed Construction Materials,"additive, manufacturing, 3d, printing, construction"
"Urban Planning, Waterfronts, and Public Spaces",Waterfront Gentrification and Equity,"gentrification, displacement, equity, social, revitalization"
"Urban Planning, Waterfronts, and Public Spaces",Public Space Design and Access,"access, usability, design, inclusivity, experience"
"Urban Planning, Waterfronts, and Public Spaces",Climate Resilience in Waterfronts,"climate, sea, flood, resilience, adaptation"
"Urban Planning, Waterfronts, and Public Spaces",Waterfront Ecological Restoration,"ecology, habitat, biodiversity, restoration, sustainability"
"Urban Planning, Waterfronts, and Public Spaces",Urban Mobility and Connectivity,"transportation, mobility, connectivity, transit, infrastructure"
"Urban Planning, Waterfronts, and Public Spaces",Public Space Community Governance,"community, participation, engagement, governance, stakeholder"
"Urban Planning, Waterfronts, and Public Spaces",Post-Industrial Waterfront Redevelopment,"historic, heritage, preservation, industrial, post-industrial"
"Cardiovascular & Metabolic Disorders (Atherosclerosis, MI, Diabetes, Hypercholesterolemia)",Atherosclerotic Plaque Development,"atherosclerosis, plaque, inflammation, vessel, lipids"
Retinoid Metabolism & Vitamin A Biochemistry,Retinoic Acid Signaling,"rar, rxr, receptor, gene, transcription"
Retinoid Metabolism & Vitamin A Biochemistry,Retinoic Acid Catabolism,"cyp26, catabolism, oxidation, degradation, inactivation"
Medicinal Chemistry / Drug Design,Drug Target Mechanisms,"target, molecular, mechanism, binding, receptors"
Medicinal Chemistry / Drug Design,Structure-Activity Relationship Design,"design, structure, optimization, lead, activity"
Medicinal Chemistry / Drug Design,Computer-Aided Drug Design,"docking, modeling, virtual, cadd, chemoinformatics"
Medicinal Chemistry / Drug Design,Natural Products Drug Discovery,"natural, products, discovery, biosynthesis, extracts"
Medicinal Chemistry / Drug Design,Drug ADMET Properties,"absorption, metabolism, pharmacology, toxicology, efficacy"
Medicinal Chemistry / Drug Design,Drug Delivery Systems,"formulation, delivery, nanoparticles, targeting, controlled"
Anticancer Drug Discovery,Molecular Mechanism and Targeting,"molecular, target, mechanism, inhibition, pathway"
Anticancer Drug Discovery,High-Throughput Drug Screening,"screening, high-throughput, compound, library, assay"
Anticancer Drug Discovery,Natural Product Drug Discovery,"natural, product, alkaloids, flavonoids, plant"
Anticancer Drug Discovery,Overcoming Chemoresistance in Cancer,"chemotherapy, resistance, overcoming, multidrug, sensitization"
Anticancer Drug Discovery,Computational Drug Design (CADD),"drug, design, computational, cadd, modeling"
Anticancer Drug Discovery,Cancer Immunotherapy Development,"immunotherapy, checkpoint, car-t, t-cell, cancer"
Anticancer Drug Discovery,Clinical Trials and Efficacy,"clinical, trial, phase, toxicity, efficacy"
Anti-inflammatory and Analgesic Drug Development,Anti-inflammatory Target Identification,"inflammation, cytokines, inhibitors, cox-2, targets"
Anti-inflammatory and Analgesic Drug Development,NSAID Hybrid Drug Design,"nsaid, gastrotoxicity, prodrug, hybrid, molecular"
Anti-inflammatory and Analgesic Drug Development,Drug Candidate Screening,"assay, screening, activity, vivo, vitro"
Anti-inflammatory and Analgesic Drug Development,Pharmacokinetic Profiling,"pharmacokinetics, absorption, metabolism, excretion, distribution"
Anti-inflammatory and Analgesic Drug Development,Drug Safety and Toxicology,"toxin, safety, adverse, risk, preclinical"
Anti-inflammatory and Analgesic Drug Development,Natural Compound Drug Discovery,"natural, extracts, compounds, medicinal, herbal"
Pharmacogenomics,Genetic Drug Response Variation,"genes, response, drug, metabolism, variant"
Pharmacogenomics,CYP450 Metabolism and Drug Fate,"cyp450, enzyme, pharmacokinetics, efficacy, toxicity"
Pharmacogenomics,Pharmacogenetic Biomarker Identification,"biomarker, adverse, reaction, genotyping, allele"
Pharmacogenomics,Pharmacogenomics in Cancer Treatment,"oncology, cancer, chemotherapy, personalized, treatment"
Pharmacogenomics,Genome-Wide Association Studies,"gwas, association, phenotype, population, study"
Pharmacogenomics,Psychiatric Drug Pharmacogenomics,"antidepressant, psychiatry, mental, health, efficacy"
MicroRNA Biomarkers & Molecular Diagnostics,miRNA Diagnostics and Detection,"microrna, biomarker, diagnosis, disease, detection"
MicroRNA Biomarkers & Molecular Diagnostics,Circulating miRNA Isolation & Analysis,"circulating, plasma, serum, noncoding, exosomes"
MicroRNA Biomarkers & Molecular Diagnostics,miRNA Molecular Assay Development,"molecular, assay, pcr, sequencing, quantification"
MicroRNA Biomarkers & Molecular Diagnostics,Oncology/Cancer,"cancer, oncology, prognosis, metastasis, therapeutic"
MicroRNA Biomarkers & Molecular Diagnostics,miRNA Expression Profiling,"profiling, signature, expression, regulation, target"
MicroRNA Biomarkers & Molecular Diagnostics,Clinical Biomarker Validation,"validation, clinical, sensitivity, specificity, predictive"
Clinical Pharmacology & Drug Response in Chronic Diseases,Drug Pharmacokinetics in Chronic Disease,"pharmacokinetics, absorption, distribution, metabolism, elimination"
Clinical Pharmacology & Drug Response in Chronic Diseases,Pharmacogenomics of Drug Response,"pharmacogenomics, genotype, phenotype, polymorphism, individualization"
Clinical Pharmacology & Drug Response in Chronic Diseases,Drug Safety and Adverse Events,"drug, adverse, events, safety, monitoring"
Clinical Pharmacology & Drug Response in Chronic Diseases,Medication Adherence and Patient Outcomes,"adherence, compliance, efficacy, patient, outcomes"
Clinical Pharmacology & Drug Response in Chronic Diseases,Polypharmacy in Multiple Chronic Conditions,"multiple, morbidity, polypharmacy, interactions, management"
Clinical Pharmacology & Drug Response in Chronic Diseases,Biomarker-Guided Drug Optimization,"biomarkers, therapeutic, monitoring, dosage, optimization"
Clinical Pharmacology & Drug Response in Chronic Diseases,Pharmacology in Specific Chronic Diseases,"cardiovascular, diabetes, copd, alzheimer's, inflammation"
Pharmacovigilance & Drug Safety Monitoring,Adverse Event Reporting,"adverse, event, reaction, monitoring, safety"
Pharmacovigilance & Drug Safety Monitoring,Drug Safety Signal Detection,"signal, detection, mining, data, disproportionality"
Pharmacovigilance & Drug Safety Monitoring,Individual Case Safety Reports,"icsr, case, report, management, individual"
Pharmacovigilance & Drug Safety Monitoring,Risk Management & Evaluation,"risk, management, plan, minimisation, evaluation"
Pharmacovigilance & Drug Safety Monitoring,Drug Causality Assessment,"causality, assessment, pharmacology, algorithm, relationship"
Pharmacovigilance & Drug Safety Monitoring,Regulatory Compliance & Policy,"regulatory, compliance, policy, guidelines, inspection"
Pharmacovigilance & Drug Safety Monitoring,Pharmacoepidemiology Studies,"pharmacoepidemiology, studies, database, population, post-marketing"
Oncology Pharmacogenetics & Drug Toxicity,Drug Metabolism Genetics,"cytochrome, metabolism, enzyme, genotype, phenotype"
Oncology Pharmacogenetics & Drug Toxicity,Chemotherapy Toxicity Risk,"toxicity, adverse, reaction, germline, risk"
Oncology Pharmacogenetics & Drug Toxicity,Predictive Biomarkers for Therapy,"biomarker, response, therapy, targeted, efficacy"
Oncology Pharmacogenetics & Drug Toxicity,Somatic Mutations in Cancer,"mutation, somatic, tumor, resistance, cancer"
Oncology Pharmacogenetics & Drug Toxicity,Single Nucleotide Polymorphisms,"polymorphism, snp, alleles, variant, dna"
Oncology Pharmacogenetics & Drug Toxicity,Individualized Cancer Dosing,"dosing, individualized, precision, algorithm, treatment"
Analytical Chemistry & Separation Science,Advanced Chromatographic Techniques,"chromatography, liquid, gas, separation, detector"
Analytical Chemistry & Separation Science,Mass Spectrometry Analysis,"mass, spectrometry, ionization, fragmentation, quantification"
Analytical Chemistry & Separation Science,Sample Preparation Methods,"sample, preparation, extraction, cleanup, matrix"
Analytical Chemistry & Separation Science,Electrochemical Sensing,"electrochemistry, voltammetry, sensor, potential, current"
Analytical Chemistry & Separation Science,Molecular Spectroscopy,"spectroscopy, absorption, emission, fluorescence, detection"
Analytical Chemistry & Separation Science,Capillary & Microfluidic Separation,"capillary, electrophoresis, microfluidic, separation, chip"
Analytical Chemistry & Separation Science,Analytical Method Validation,"calibration, validation, accuracy, precision, method"
Natural Products Chemistry & Bioactive Compounds,Natural Product Isolation,"extraction, purification, chromatography, isolation, compound"
Natural Products Chemistry & Bioactive Compounds,Secondary Metabolite Classes,"phytochemicals, alkaloids, flavonoids, terpenoids, saponins"
Natural Products Chemistry & Bioactive Compounds,Compound Structure Elucidation,"spectroscopy, nmr, mass, structure, elucidation"
Natural Products Chemistry & Bioactive Compounds,Bioactive Compound Screening,"antioxidant, antimicrobial, anticancer, bioassay, activity"
Natural Products Chemistry & Bioactive Compounds,Traditional Medicine Sources,"medicinal, plants, traditional, herbal, ethnobotany"
Natural Products Chemistry & Bioactive Compounds,Natural Product Biosynthesis,"biosynthesis, pathway, enzymes, genes, metabolism"
Natural Products Chemistry & Bioactive Compounds,Natural Products in Drug Discovery,"drug, discovery, lead, optimization, pharmacology"
"Metabolomics, Biomarkers & Clinical Chemistry",Targeted Metabolite Profiling,"metabolite, profiling, quantification, mass, spectrometry"
"Metabolomics, Biomarkers & Clinical Chemistry",NMR-Based Metabolite Identification,"nmr, spectroscopy, biofluid, analysis, identification"
"Metabolomics, Biomarkers & Clinical Chemistry",Biomarker Discovery and Validation,"biomarker, discovery, diagnosis, prognosis, validation"
"Metabolomics, Biomarkers & Clinical Chemistry",Clinical Chemistry Quality,"clinical, testing, assays, reference, quality"
"Metabolomics, Biomarkers & Clinical Chemistry",Metabolomics Data Analysis,"data, preprocessing, statistics, modeling, multivariate"
"Metabolomics, Biomarkers & Clinical Chemistry",Metabolic Disease Mechanisms,"disease, metabolic, pathways, mechanism, perturbation"
"Metabolomics, Biomarkers & Clinical Chemistry",Biological Sample Preparation,"urine, plasma, tissue, sample, preparation"
Method Development in Pharmaceutical Analysis,HPLC Method Validation,"hplc, chromatography, validation, separation, quantitative"
Method Development in Pharmaceutical Analysis,Spectroscopic Analysis Techniques,"spectroscopy, uv-vis, mass, identification, detection"
Method Development in Pharmaceutical Analysis,Impurity and Stability Testing,"impurity, degradation, stability, stress, monitoring"
Method Development in Pharmaceutical Analysis,LC-MS/MS Bioanalysis,"bioanalysis, plasma, lc-ms/ms, pharmacokinetics, drug"
Method Development in Pharmaceutical Analysis,Capillary Electrophoresis Development,"capillary, electrophoresis, separation, chiral, ce"
Method Development in Pharmaceutical Analysis,Green Analytical Chemistry,"green, microextraction, solvent, sustainable, miniaturization"
Method Development in Pharmaceutical Analysis,Electrochemical Assay Development,"titration, potentiometry, voltammetry, electrochemical, sensors"
Epigenetic RNA Modifications (m6A) & Immune Regulation,m6A RNA Methylation Dynamics,"m6a, methylation, mrna, regulator, epigenetic"
Epigenetic RNA Modifications (m6A) & Immune Regulation,m6A in Autoimmune Diseases,"autoimmune, disease, inflammation, pathogenesis, therapy"
Epigenetic RNA Modifications (m6A) & Immune Regulation,m6A Writer/Reader/Eraser Enzymes,"mettl3, writer, demethylase, reader, complex"
Epigenetic RNA Modifications (m6A) & Immune Regulation,m6A in Adaptive Immunity,"t-cell, b-cell, macrophage, dendritic, lymphocyte"
Epigenetic RNA Modifications (m6A) & Immune Regulation,m6A and Gene Expression,"gene, expression, stability, translation, rna"
Epigenetic RNA Modifications (m6A) & Immune Regulation,m6A and Cancer Immunity,"cancer, immunity, tumor, microenvironment, immunotherapy"
Immunogenetics & Cardiometabolic Disease Risk,Genetic Risk Loci Identification,"gwas, snps, association, genetics, risk"
Immunogenetics & Cardiometabolic Disease Risk,Immune-Metabolic Crosstalk,"inflammation, cytokines, immunity, atherosclerosis, metabolism"
Immunogenetics & Cardiometabolic Disease Risk,HLA and Autoimmune Risk,"hla, mhc, autoimmunity, t-cell, antigen"
Immunogenetics & Cardiometabolic Disease Risk,Epigenetic Regulation of Disease,"epigenetics, methylation, histone, regulation, environment"
Immunogenetics & Cardiometabolic Disease Risk,Genetic Basis of Dyslipidemia,"lipids, cholesterol, triglycerides, dyslipidemia, genes"
Immunogenetics & Cardiometabolic Disease Risk,Genetics of Type 2 Diabetes,"diabetes, insulin, resistance, glucose, t2d"
Immunogenetics & Cardiometabolic Disease Risk,Microbiome-Immune-Metabolic Axis,"microbiota, gut, microbiome, immune, metabolic"
Health Economics & Epidemiology,Economic Evaluation Methods,"cost, effectiveness, utility, cba, minimization"
Health Economics & Epidemiology,Key Epidemiological Measures,"incidence, prevalence, mortality, morbidity, rate"
Health Economics & Epidemiology,Health Policy & Finance,"policy, health, insurance, spending, access"
Health Economics & Epidemiology,Health Economic Modeling,"modeling, simulation, markov, cohort, decision"
Health Economics & Epidemiology,Risk & Association Analysis,"risk, ratio, exposure, outcome, association"
Health Economics & Epidemiology,Burden of Disease,"disease, burden, qaly, daly, outcomes"
Health Economics & Epidemiology,Health Promotion Strategies,"prevention, promotion, intervention, behavior, public"
Neurodegenerative Diseases & Neurological Disorders,Alzheimer's Disease Pathology,"dementia, amyloid, tau, plaques, atrophy"
Neurodegenerative Diseases & Neurological Disorders,Parkinson's Disease Movement,"dopamine, tremor, bradykinesia, levodopa, synuclein"
Neurodegenerative Diseases & Neurological Disorders,Amyotrophic Lateral Sclerosis Mechanisms,"motor, neuron, sclerosis, degeneration, cortex"
Neurodegenerative Diseases & Neurological Disorders,Neurological Disease Biomarkers,"biomarker, fluid, imaging, diagnosis, progression"
Neurodegenerative Diseases & Neurological Disorders,Neuroinflammation and Glial Cells,"neuroinflammation, microglia, astrocyte, immune, cytokine"
Neurodegenerative Diseases & Neurological Disorders,Neuronal Degeneration Processes,"axonal, transport, synaptic, misfolding, proteinopathy"
Mitochondrial Function & Oxidative Stress,Oxidative Stress Biomarkers,"lipid, peroxidation, biomarkers, protein, oxidation"
Mitochondrial Function & Oxidative Stress,Mitochondria & Cell Death,"apoptosis, necrosis, cell, death, signaling"
Neuroprotective Therapeutics & Molecular Pathways,Oxidative Stress & Antioxidant Therapy,"oxidative, stress, antioxidants, radicals, scavenging"
Neuroprotective Therapeutics & Molecular Pathways,Molecular Neuroinflammation Pathways,"neuroinflammation, microglia, cytokines, astrocytes, gliosis"
Neuroprotective Therapeutics & Molecular Pathways,Apoptotic and Survival Pathways,"apoptosis, survival, caspases, bcl-2, mitochondria"
Neuroprotective Therapeutics & Molecular Pathways,Neurotrophic Factor Signaling,"neurotrophic, bdnf, gdnf, survival, receptors"
Neuroprotective Therapeutics & Molecular Pathways,Protein Misfolding & Aggregation,"protein, misfolding, aggregation, tau, amyloid"
Neuroprotective Therapeutics & Molecular Pathways,Glutamatergic Excitotoxicity Mechanisms,"glutamate, excitotoxicity, nmda, receptor, antagonists"
Neuroprotective Therapeutics & Molecular Pathways,Ischemic Neuroprotection Strategies,"ischemia, reperfusion, stroke, hypoxia, infarction"
Neuroinflammation,Microglial Activation in CNS,"microglia, activation, neurotoxicity, immune, cns"
Neuroinflammation,Inflammatory Cytokine Signaling,"cytokines, chemokines, signaling, inflammation, mediators"
Neuroinflammation,Reactive Astrogliosis and Support,"astrocytes, gliosis, reactive, neuronal, support"
Neuroinflammation,Blood-Brain Barrier Integrity,"blood, brain, barrier, permeability, disruption"
Neuroinflammation,Neuroinflammation in Disease,"alzheimer's, parkinson's, disease, neurodegeneration, ms"
Neuroinflammation,Neuroinflammation Therapeutic Strategies,"treatment, therapeutic, targets, drug, anti-inflammatory"
Neuroinflammation,Oxidative Stress and Damage,"oxidative, stress, mitochondria, damage, ros"
Molecularly Imprinted Polymers (MIPs) & Biomimetic Sensors,Molecular Imprinting Technology,"molecular, imprinting, template, polymerization, selectivity"
Molecularly Imprinted Polymers (MIPs) & Biomimetic Sensors,Biomimetic Sensor Design,"sensor, biomimetic, recognition, detection, analyte"
Molecularly Imprinted Polymers (MIPs) & Biomimetic Sensors,MIPs for Drug Delivery,"drug, delivery, therapeutics, release, targeting"
Molecularly Imprinted Polymers (MIPs) & Biomimetic Sensors,Biomolecule Recognition,"protein, peptide, binding, biomolecules, affinity"
Molecularly Imprinted Polymers (MIPs) & Biomimetic Sensors,Advanced Sensor Readouts,"biosensing, electrochemical, optical, acoustic, transducer"
Molecularly Imprinted Polymers (MIPs) & Biomimetic Sensors,Surface Modification Techniques,"surface, nanomaterials, modification, microcontact, immobilization"
Molecularly Imprinted Polymers (MIPs) & Biomimetic Sensors,Environmental Analysis using MIPs,"environmental, contaminants, pollutants, remediation, extraction"
Analytical Chemistry & Separation Science,Chromatographic Separation Techniques,"chromatography, liquid, gas, mass, separation"
Analytical Chemistry & Separation Science,Spectroscopic Analysis Methods,"spectroscopy, absorption, emission, atomic, molecular"
Analytical Chemistry & Separation Science,Electrophoretic Separation,"electrophoresis, capillary, gel, separation, biomolecules"
Analytical Chemistry & Separation Science,Analytical Sample Preparation,"sample, preparation, extraction, digestion, clean-up"
Analytical Chemistry & Separation Science,Analytical Detection & LOD,"detection, quantification, limit, linearity, accuracy"
Analytical Chemistry & Separation Science,Mass Spectrometry Analysis,"mass, spectrometry, ionization, fragments, identification"
Analytical Chemistry & Separation Science,Analytical Method Validation,"validation, method, calibration, precision, robustness"
Drug Delivery & Pharmaceutical Applications,Nanoparticle Drug Carriers,"nanoparticles, nanomedicine, liposomes, carriers, stability"
Drug Delivery & Pharmaceutical Applications,Controlled Release Formulations,"controlled, release, formulation, kinetics, extended"
Drug Delivery & Pharmaceutical Applications,Targeted Drug Delivery,"targeted, delivery, ligand, receptor, site"
Drug Delivery & Pharmaceutical Applications,Drug Bioavailability & Kinetics,"bioavailability, solubility, absorption, pharmacokinetics, distribution"
Drug Delivery & Pharmaceutical Applications,Gene Therapy Delivery,"gene, therapy, rna, vector, nucleic"
Drug Delivery & Pharmaceutical Applications,Transdermal Drug Delivery,"transdermal, microneedle, patch, skin, absorption"
Drug Delivery & Pharmaceutical Applications,Protein and Peptide Delivery,"peptide, protein, stability, formulation, degradation"
Nanomaterials & Smart Polymers,Nanoparticle Synthesis and Characterization,"nanoparticles, synthesis, characterization, morphology, applications"
Nanomaterials & Smart Polymers,Nanomaterials for Drug Delivery,"drug, delivery, release, biocompatibility, therapeutic"
Nanomaterials & Smart Polymers,Stimuli-Responsive Smart Polymers,"hydrogel, stimuli, responsive, shape, memory"
Nanomaterials & Smart Polymers,Polymer Nanocomposite Properties,"polymer, nanocomposites, mechanical, electrical, thermal"
Nanomaterials & Smart Polymers,Nanomaterial-Based Sensor Development,"sensors, biosensors, detection, surface, functionalization"
Nanomaterials & Smart Polymers,Self-Healing and Flexible Polymers,"self, healing, actuator, fabrication, flexible"
Nanomaterials & Smart Polymers,Polymer Scaffolds for Tissue Engineering,"scaffolds, tissue, engineering, regenerative, biomaterials"
Organizational Behavior & Impression Management,Impression Management Behaviors,"behavior, verbal, nonverbal, social, interaction"
Organizational Behavior & Impression Management,Online Impression Management,"online, social, networking, identity, profile"
Organizational Behavior & Impression Management,Defensive Impression Tactics,"defensive, apology, excuse, justification, acounting"
Organizational Behavior & Impression Management,Self-Presentation Theory,"presentation, perception, audience, self-monitoring, motive"
"Human Resources, Personnel Selection & Workplace Psychology",Personnel Selection Methods,"recruitment, screening, interview, assessment, criteria"
"Human Resources, Personnel Selection & Workplace Psychology",Employee Well-being and Engagement,"engagement, satisfaction, motivation, wellbeing, culture"
"Human Resources, Personnel Selection & Workplace Psychology",Performance Management Systems,"performance, appraisal, feedback, management, metrics"
"Human Resources, Personnel Selection & Workplace Psychology",Psychometric Assessment in Selection,"personality, cognition, ability, testing, psychometrics"
"Human Resources, Personnel Selection & Workplace Psychology",Workplace Training and Development,"training, development, learning, skills, competencies"
"Human Resources, Personnel Selection & Workplace Psychology",Employee Relations and Compliance,"relations, compliance, policies, legal, conflict"
"Human Resources, Personnel Selection & Workplace Psychology",Organizational Behavior and Leadership,"leadership, teams, group, dynamics, organization"
Cross-Cultural Management & Society-Work Dynamics,Cultural Dimension Influence,"cultural, dimensions, hofstede, influence, management"
Cross-Cultural Management & Society-Work Dynamics,Diversity and Team Performance,"diversity, performance, teams, multicultural, strategy"
Cross-Cultural Management & Society-Work Dynamics,Expatriate Success and Adjustment,"expatriate, adjustment, repatriation, success, global"
Cross-Cultural Management & Society-Work Dynamics,Intercultural Communication Challenges,"communication, barriers, intercultural, multinational, language"
Cross-Cultural Management & Society-Work Dynamics,Global Negotiation and Conflict,"negotiation, styles, conflict, resolution, international"
Cross-Cultural Management & Society-Work Dynamics,Cultural Intelligence and Leadership,"cultural, intelligence, competence, leadership, globalization"
Workplace Spirituality & Applied Organizational Ethics,Meaning and Purpose at Work,"purpose, meaning, calling, fulfillment, transcendence"
Workplace Spirituality & Applied Organizational Ethics,Organizational Ethics and Integrity,"values, integrity, conduct, dilemmas, governance"
Workplace Spirituality & Applied Organizational Ethics,Ethical and Spiritual Leadership,"leadership, servant, authentic, ethical, conscious"
Workplace Spirituality & Applied Organizational Ethics,Corporate Social Responsibility Ethics,"sustainability, csr, stakeholder, impact, responsibility"
Islamic Marketing & Consumer Behavior,Halal and Shariah Compliance,"halal, shariah, compliance, forbidden, permitted"
Islamic Marketing & Consumer Behavior,Ethical Marketing Practices,"truthfulness, honesty, justice, fairness, ethics"
Islamic Marketing & Consumer Behavior,Core Islamic Principles in Business,"tawhid, oneness, values, principles, integrity"
Islamic Marketing & Consumer Behavior,Social Responsibility in Islamic Marketing,"social, responsibility, community, wellbeing, charitable"
Islamic Marketing & Consumer Behavior,Consumer Trust and Ethical Consumption,"trust, confidence, ethical, responsible, consumption"
Islamic Marketing & Consumer Behavior,Halal Supply Chain and Logistics,"logistics, supply-chain, segregation, traceability, certification"
Islamic Marketing & Consumer Behavior,Prohibited Financial Practices,"gharar, riba, uncertainty, interest, speculation"
"Corporate Social Responsibility (CSR), Sustainability & Ethics",CSR and Stakeholder Management,"social, impact, stakeholders, community, reporting"
"Corporate Social Responsibility (CSR), Sustainability & Ethics",Corporate Governance and Ethics,"governance, transparency, accountability, board, ethics"
"Corporate Social Responsibility (CSR), Sustainability & Ethics",Environmental Sustainability Metrics,"environmental, footprint, circular, economy, climate"
"Corporate Social Responsibility (CSR), Sustainability & Ethics",ESG Investing and Financial Performance,"esg, investment, finance, performance, risk"
"Corporate Social Responsibility (CSR), Sustainability & Ethics",Sustainable Business Strategy,"sustainability, strategy, innovation, business, model"
"Corporate Social Responsibility (CSR), Sustainability & Ethics",Ethics in Green Marketing,"greenwashing, trust, consumer, reputation, marketing"
Consumer Psychology & Socio-cultural Influences in Emerging Markets,Price Sensitivity and Value,"affordability, value, price, elasticity, budget"
Consumer Psychology & Socio-cultural Influences in Emerging Markets,Socio-cultural Factors,"cultural, tradition, norms, societal, values"
Consumer Psychology & Socio-cultural Influences in Emerging Markets,Product Localization Strategy,"local, adaptation, customization, preferences, market"
Consumer Psychology & Socio-cultural Influences in Emerging Markets,Social Influence on Buying,"family, social, influence, roles, status"
Consumer Psychology & Socio-cultural Influences in Emerging Markets,Digital Commerce Adoption,"digital, infrastructure, e-commerce, mobile, adoption"
Consumer Psychology & Socio-cultural Influences in Emerging Markets,Brand Trust and Loyalty,"trust, brand, loyalty, reputation, relationships"
Consumer Psychology & Socio-cultural Influences in Emerging Markets,Aspirational Consumption Drivers,"aspirational, status, prestige, power, image"
"Sustainable Marketing, Environmental Behavior & Mobility",Sustainable Consumer Behavior,"green, consumption, purchasing, eco-friendly, consumer"
"Sustainable Marketing, Environmental Behavior & Mobility",Green Marketing Strategy,"marketing, sustainability, strategy, communication, value"
"Sustainable Marketing, Environmental Behavior & Mobility",Sustainable Mobility Adoption,"transportation, mobility, electric, shared, behavior"
"Sustainable Marketing, Environmental Behavior & Mobility",Marketing in Circular Economy,"circular, economy, product, lifecycle, design"
"Sustainable Marketing, Environmental Behavior & Mobility",CSR and Brand Perception,"corporate, social, responsibility, ethics, brand"
"Sustainable Marketing, Environmental Behavior & Mobility",Environmental Behavior Determinants,"attitude, intention, environmental, concern, psychology"
"Sustainable Marketing, Environmental Behavior & Mobility",Policy Impact on Sustainability,"policy, regulation, government, incentive, promotion"
Digital & AI-Driven Marketing,Hyper-Personalized Customer Experience,"personalization, customer, journey, segmentation, experience"
Digital & AI-Driven Marketing,Marketing Automation Strategies,"automation, marketing, workflow, campaigns, efficiency"
Digital & AI-Driven Marketing,Generative AI in Content,"generative, content, creation, copywriting, insights"
Digital & AI-Driven Marketing,AI-Driven Data Analytics,"data, analytics, modeling, prediction, management"
Digital & AI-Driven Marketing,Ethical AI in Marketing,"algorithms, bias, fairness, ethics, transparency"
Digital & AI-Driven Marketing,AI for SEO Optimization,"search, engine, seo, ranking, optimization"
Digital & AI-Driven Marketing,Marketing Performance Measurement,"roi, attribution, performance, metrics, budget"
Supply Chain Management & Operations Research,Logistics and Distribution Planning,"logistics, transportation, distribution, warehousing, shipping"
Supply Chain Management & Operations Research,Demand Forecasting and Planning,"forecasting, demand, planning, analytics, prediction"
Supply Chain Management & Operations Research,Strategic Sourcing & Procurement,"sourcing, procurement, vendor, supplier, strategic"
Supply Chain Management & Operations Research,Supply Chain Network Design,"network, design, facility, location, planning"
Supply Chain Management & Operations Research,Supply Chain Risk Resilience,"resilience, risk, disruption, mitigation, management"
Sustainable Supply Chain Management & Environmental Operations,Circular Economy & Reverse Logistics,"reverse, logistics, circular, waste, recovery"
Sustainable Supply Chain Management & Environmental Operations,Carbon Footprint Management,"carbon, footprint, emissions, ghg, decarbonization"
Sustainable Supply Chain Management & Environmental Operations,Ethical and Transparent Sourcing,"sourcing, ethical, labor, transparency, traceability"
Sustainable Supply Chain Management & Environmental Operations,Sustainable Supplier Performance,"supplier, assessment, monitoring, compliance, performance"
Sustainable Supply Chain Management & Environmental Operations,Product Life Cycle Assessment,"design, ecodesign, lifecycle, packaging, materials"
Sustainable Supply Chain Management & Environmental Operations,Digital Enablers for Sustainability,"technology, blockchain, iot, analytics, digital"
Sustainable Supply Chain Management & Environmental Operations,Supply Chain Sustainability Risk,"risk, resilience, disruption, vulnerability, adaptation"
Blockchain Technology in Supply Chain Transformation,Supply Chain Visibility and Trust,"transparency, traceability, ledger, immutable, trust"
Blockchain Technology in Supply Chain Transformation,Automating Supply Chain Contracts,"smart, contracts, automation, execution, decentralized"
Blockchain Technology in Supply Chain Transformation,Security and Data Integrity,"decentralization, security, data, integrity, privacy"
Blockchain Technology in Supply Chain Transformation,Supply Chain Risk Management,"risk, management, resilience, disruption, mitigation"
Blockchain Technology in Supply Chain Transformation,Sustainable and Ethical Supply Chains,"sustainability, esg, ethical, compliance, circular"
Blockchain Technology in Supply Chain Transformation,Blockchain Implementation Challenges,"interoperability, adoption, integration, scalability, enterprise"
Public Service Management & Service Quality,Citizen Service Evaluation,"citizen, perception, expectations, satisfaction, evaluation"
Public Service Management & Service Quality,Public Sector Governance & Reform,"governance, reform, accountability, transparency, bureaucracy"
Public Service Management & Service Quality,Public Employee Management,"motivation, employee, attitudes, leadership, management"
Public Service Management & Service Quality,Administrative Policy & Regulation,"policy, analysis, making, regulation, law"
Public Service Management & Service Quality,Digital Public Service Innovation,"digital, e-government, technology, innovation, transformation"
Financial Risk & Asset Pricing,Capital Asset Pricing Model,"capm, beta, return, risk, market"
Financial Risk & Asset Pricing,Factor Pricing Models,"factors, fama, french, anomaly, momentum"
Financial Risk & Asset Pricing,Derivative Pricing and Hedging,"derivative, option, pricing, garch, hedging"
Financial Risk & Asset Pricing,Risk Premium Estimation,"risk, premium, equity, default, sovereign"
Financial Risk & Asset Pricing,Fixed Income Pricing,"interest, rate, curve, yield, bonds"
"ESG (Environmental, Social, Governance) and Corporate Resilience",Environmental Risk and Reporting,"emissions, climate, carbon, risk, reporting"
"ESG (Environmental, Social, Governance) and Corporate Resilience",Social Equity and Stakeholders,"diversity, equity, inclusion, labor, stakeholders"
"ESG (Environmental, Social, Governance) and Corporate Resilience",Corporate Governance and Ethics,"governance, board, ethics, transparency, accountability"
"ESG (Environmental, Social, Governance) and Corporate Resilience",Sustainable Supply Chain,"supply, chain, circularity, waste, management"
Crisis & Pandemic Management in Business Contexts,Supply Chain Resilience,"supply, chain, disruption, resilience, logistics"
Crisis & Pandemic Management in Business Contexts,Financial Crisis Management,"financial, liquidity, forecasting, recovery, stimulus"
Crisis & Pandemic Management in Business Contexts,Employee Health and Safety,"employee, wellbeing, health, safety, retention"
Crisis & Pandemic Management in Business Contexts,Digital Transformation Agility,"digital, transformation, innovation, technology, agility"
Crisis & Pandemic Management in Business Contexts,Business Continuity Planning,"risk, assessment, planning, mitigation, preparedness"
Digital & Interactive Marketing,Search Engine Optimization,"seo, traffic, ranking, keywords, search"
Digital & Interactive Marketing,Social Media Marketing Strategy,"social, media, engagement, platforms, influencers"
Digital & Interactive Marketing,Conversion Rate Optimization,"conversion, rate, optimization, landing, a/b"
Digital & Interactive Marketing,Personalized Customer Experience,"personalization, customer, experience, data, retargeting"
Digital & Interactive Marketing,Email Marketing Automation,"email, automation, campaigns, segmentation, nurturing"
Digital & Interactive Marketing,Paid Digital Advertising,"advertising, paid, clicks, ppc, display"
Digital & Interactive Marketing,Digital Marketing Analytics,"analytics, metrics, roi, performance, measurement"
Artificial Intelligence & Emerging Technologies in Marketing,Personalized Customer Journeys,"personalization, customer, journey, recommendation, intent"
Artificial Intelligence & Emerging Technologies in Marketing,Generative AI for Content,"generative, content, creation, automation, copywriting"
Artificial Intelligence & Emerging Technologies in Marketing,Programmatic Ad Optimization,"programmatic, bidding, advertising, targeting, optimization"
Artificial Intelligence & Emerging Technologies in Marketing,Marketing Data Analytics,"data, analytics, churn, conversion, patterns"
Artificial Intelligence & Emerging Technologies in Marketing,AI Customer Service Chatbots,"chatbot, service, support, conversation, interaction"
Artificial Intelligence & Emerging Technologies in Marketing,AI-Driven SEO & Search,"semantic, seo, keyword, search, nlp"
Artificial Intelligence & Emerging Technologies in Marketing,Immersive Marketing Experiences,"augmented, reality, virtual, experience, immersive"
Consumer Behavior & Purchase Intentions,Theory of Planned Behavior,"attitude, subjective, control, theory, reasoned"
Consumer Behavior & Purchase Intentions,Consumer Decision Making,"emotion, affective, cognitive, processing, decision"
Consumer Behavior & Purchase Intentions,Digital Purchase Intentions,"online, trust, reviews, e-commerce, platform"
Consumer Behavior & Purchase Intentions,Customer Behavior,"loyalty, satisfaction, retention, switching, post-purchase"
Consumer Behavior & Purchase Intentions,Perceived Value and Price,"perceived, value, price, quality, sacrifice"
Consumer Behavior & Purchase Intentions,Social Influence on Buying,"social, influence, reference, group, normative"
Consumer Behavior & Purchase Intentions,S-O-R Model Applications,"stimulus, organism, response, environment, model"
Tourism & Hospitality Marketing,Destination Branding and Marketing,"destination, branding, image, perception, marketing"
Tourism & Hospitality Marketing,Online Reputation Management,"online, review, reputation, management, sentiment"
Tourism & Hospitality Marketing,Customer Experience Design,"experience, design, co-creation, customer, satisfaction"
Tourism & Hospitality Marketing,Social Media Marketing,"social, media, influencer, engagement, content"
Tourism & Hospitality Marketing,Sustainable Tourism Marketing,"sustainability, ecotourism, responsibility, green, practices"
Tourism & Hospitality Marketing,Revenue and Pricing Strategy,"pricing, revenue, management, yield, strategy"
Tourism & Hospitality Marketing,Targeting and Customer Loyalty,"segmentation, targeting, behavior, loyalty, personalization"
Green & Sustainable Marketing,Sustainable Consumer Behavior,"consumer, behavior, purchase, intentions, willingness"
Green & Sustainable Marketing,Combating Greenwashing & Mistrust,"greenwashing, deception, trust, skepticism, authenticity"
Green & Sustainable Marketing,Corporate Social Responsibility in Marketing,"csr, social, responsibility, ethics, reporting"
Green & Sustainable Marketing,Sustainable Supply Chain Communication,"supply, chain, sourcing, transparency, logistics"
Green & Sustainable Marketing,Eco-Friendly Product Innovation,"product, eco-friendly, design, innovation, lifecycle"
Green & Sustainable Marketing,Sustainable Packaging Strategy,"packaging, recycling, biodegradable, waste, reduction"
Green & Sustainable Marketing,Green Marketing Communications,"campaign, messaging, communication, framing, persuasion"
Data Lakes & Big Data Management,Scalable Data Lake Storage,"storage, data, schema, hadoop, cloud"
Data Lakes & Big Data Management,Data Ingestion and Pipelines,"ingestion, pipeline, streaming, batch, etl"
Data Lakes & Big Data Management,Data Governance and Security,"governance, security, privacy, compliance, access"
Data Lakes & Big Data Management,Data Quality and Metadata,"quality, cleansing, profiling, metadata, catalog"
Data Lakes & Big Data Management,Big Data Processing & Analytics,"processing, spark, query, analytics, realtime"
Data Lakes & Big Data Management,Modern Data Architecture Design,"architecture, modern, design, platform, warehouse"
Data Lakes & Big Data Management,Data Lake Cost Optimization,"optimization, cost, performance, tiering, index"
Data Mining & Trajectory Analysis,Movement Pattern Analysis,"movement, pattern, detection, sequence, analysis"
Data Mining & Trajectory Analysis,Spatial-Temporal Data Mining,"location, gps, spatial, temporal, data"
Data Mining & Trajectory Analysis,Trajectory Clustering & Segmentation,"clustering, segmentation, grouping, similarity, routes"
Data Mining & Trajectory Analysis,Trajectory Prediction Models,"prediction, forecasting, future, next, destination"
Data Mining & Trajectory Analysis,Anomaly Detection in Trajectories,"anomalies, outliers, deviation, unusual, abnormal"
Data Mining & Trajectory Analysis,Frequent Trajectory Pattern Mining,"mining, frequent, subsequences, patterns, paths"
Data Mining & Trajectory Analysis,Trajectory Data Privacy,"privacy, protection, anonymization, security, k-anonymity"
Enterprise Systems & Business Performance,ERP System Implementation,"erp, sap, implementation, modules, integration"
Enterprise Systems & Business Performance,Supply Chain Management,"scm, supply, chain, logistics, inventory"
Enterprise Systems & Business Performance,Customer Relationship Management,"crm, customer, relationship, management, salesforce"
Enterprise Systems & Business Performance,Key Performance Indicators,"kpi, metrics, dashboard, reporting, measurement"
Enterprise Systems & Business Performance,Business Process Management,"process, optimization, bpm, workflow, reengineering"
Enterprise Systems & Business Performance,Business Intelligence & Data,"data, analytics, bi, intelligence, decision"
Enterprise Systems & Business Performance,Enterprise Performance Management,"epm, planning, budgeting, financial, forecasting"
Cybersecurity & Advanced Computing Applications,Vulnerability and Risk Management,"vulnerability, patching, management, risk, assessment"
Cybersecurity & Advanced Computing Applications,Advanced Cryptographic Systems,"encryption, quantum, post-quantum, cryptography, algorithms"
Cybersecurity & Advanced Computing Applications,High Performance Computing,"high, performance, parallel, supercomputing, simulation"
Cybersecurity & Advanced Computing Applications,Intrusion Detection Systems,"network, intrusion, detection, monitoring, traffic"
Cybersecurity & Advanced Computing Applications,IoT Device Security,"iot, sensor, device, security, protocols"
Islamic Architecture and Heritage,Mosque Architecture Elements,"mosque, domes, minarets, hypostyle, sahn"
Islamic Architecture and Heritage,Islamic Decorative Arts,"geometric, calligraphy, ornamentation, muqarnas, tile"
Islamic Architecture and Heritage,Planning and Public Spaces,"courtyards, gardens, water, fountain, space"
Islamic Architecture and Heritage,Cross-Cultural Architectural Influences,"roman, byzantine, persian, chinese, influence"
Islamic Architecture and Heritage,Types of Islamic Buildings,"madrasa, tomb, palace, caravanserai, hammam"
Islamic Architecture and Heritage,Architectural Heritage Conservation,"preservation, restoration, conservation, documentation, site"
Islamic Architecture and Heritage,Structural Systems,"arches, vaulting, dome, structure, construction"
"Design, Innovation, and Cultural Heritage",Digital Heritage Preservation,"heritage, preservation, digital, archive, documentation"
"Design, Innovation, and Cultural Heritage",Culture-Driven Design Innovation,"innovation, design, creative, culture, technology"
"Design, Innovation, and Cultural Heritage",Immersive Museum Experiences,"museum, experience, interactive, digital, exhibition"
"Design, Innovation, and Cultural Heritage",Traditional Craftsmanship Rebirth,"traditional, craftsmanship, modern, reuse, aesthetics"
"Design, Innovation, and Cultural Heritage",Participatory Heritage Narratives,"participatory, co-creation, community, narrative, engagement"
"Design, Innovation, and Cultural Heritage",3D Artifact Recognition,"artifact, recognition, three-dimensional, modeling, virtual"
"Design, Innovation, and Cultural Heritage",Sustainable Cultural Renewal,"sustainability, renewal, urban, architecture, landscape"
Emerging Applications in Architecture and Materials,3D-Printed Graphene Composites,"graphene, additive, layer, printing, composite"
Emerging Applications in Architecture and Materials,Cross-Laminated Timber (CLT) Structures,"lumber, cross, laminated, wood, mass"
Emerging Applications in Architecture and Materials,Smart and Self-Healing Materials,"concrete, bioplastic, self, healing, smart"
Emerging Applications in Architecture and Materials,AI in Generative Design,"generative, design, algorithm, form, optimization"
Emerging Applications in Architecture and Materials,IoT for Building Performance,"sensing, hvac, iot, systems, monitoring"
Emerging Applications in Architecture and Materials,Carbon Fiber Reinforcement,"carbon, fiber, strength, lightweight, reinforcement"
Emerging Applications in Architecture and Materials,Innovative Translucent Building Materials,"translucent, insulation, energy, efficiency, façade"
Applications of Nanomaterials,Targeted Drug Delivery Systems,"drug, delivery, targeted, therapeutics, nanocarrier"
Applications of Nanomaterials,Nanomaterial-Based Sensor Technology,"sensor, detection, chemical, biosensor, sensitivity"
Applications of Nanomaterials,Nanomaterials for Solar Energy,"photovoltaic, solar, energy, efficiency, quantum"
Applications of Nanomaterials,Nanocatalysis and Surface Chemistry,"catalysis, reaction, surface, activity, selectivity"
Applications of Nanomaterials,Nano-Energy Storage Devices,"storage, battery, supercapacitor, electrode, rechargeable"
Applications of Nanomaterials,Nanocomposite and Nanocoating Development,"coating, composite, mechanical, reinforcement, polymer"
Applications of Nanomaterials,Nanomaterials for Biomedical Imaging,"imaging, contrast, biomedical, diagnosis, fluorescence"
Computational and Theoretical Materials Science,Density Functional Theory,"density, functional, theory, electronic, structure"
Computational and Theoretical Materials Science,Molecular Dynamics Simulations,"molecular, dynamics, simulation, atomistic, interactions"
Computational and Theoretical Materials Science,Kinetic Monte Carlo Modeling,"kinetic, monte, carlo, atomistic, events"
Computational and Theoretical Materials Science,Dislocation Dynamics and Defects,"dislocation, dynamics, crystal, plasticity, defects"
Computational and Theoretical Materials Science,Phase Field Microstructure Modeling,"phase, field, microstructure, evolution, grain"
Computational and Theoretical Materials Science,First-Principles Material Properties,"first-principles, calculation, properties, quantum, material"
Computational and Theoretical Materials Science,Modeling Nanomaterials,"nanomaterials, graphene, semiconductors, quantum, two-dimensional"
Nanomaterials and Low-Dimensional Materials,Carbon Nanomaterials and 2D,"graphene, nanotubes, 2d, carbon, heterostructures"
Nanomaterials and Low-Dimensional Materials,Quantum Dot Optoelectronics,"quantum, dots, nanocrystals, photoluminescence, semiconductor"
Nanomaterials and Low-Dimensional Materials,Perovskite Nanocrystal Applications,"perovskite, solar, cells, optoelectronic, nanocrystals"
Nanomaterials and Low-Dimensional Materials,Nanomaterials for Biomedical Use,"nanomedicine, delivery, targeted, biomedical, biosensing"
Nanomaterials and Low-Dimensional Materials,Nanomaterials Synthesis Methods,"synthesis, fabrication, chemical, exfoliation, deposition"
Nanomaterials and Low-Dimensional Materials,Nanoelectronic Device Applications,"sensors, transistor, nanodevices, nanoelectronics, memristors"
Nanomaterials and Low-Dimensional Materials,Environmental Nanocatalysis,"catalysis, nanocatalysts, environmental, sorption, purification"
Microbial Control and Biophysics,Biofilm Control Strategies,"biofilm, formation, adhesion, surface, inhibition"
Microbial Control and Biophysics,Antimicrobial Resistance Mechanisms,"antimicrobial, resistance, mechanism, drug, susceptibility"
Microbial Control and Biophysics,Cell Membrane Biophysics,"membrane, disruption, structure, permeability, lipids"
Microbial Control and Biophysics,Radiation for Microbial Inactivation,"radiation, uv, gamma, sterilization, dna"
Microbial Control and Biophysics,Chemical Control Agents,"chemical, disinfectant, antiseptic, mode, action"
Microbial Control and Biophysics,Microbial Imaging Techniques,"fluorescence, microscopy, imaging, single-cell, dynamics"
Microbial Control and Biophysics,Thermal Control of Microbes,"temperature, heat, cryopreservation, growth, inactivation"
Bioelectromagnetics / Magnetic Field Therapy,Pulsed Electromagnetic Field Therapy,"pulsed, pemf, fields, therapy, magnetic"
Bioelectromagnetics / Magnetic Field Therapy,Cellular Mechanisms and Signaling,"cellular, biological, mechanisms, signaling, function"
Bioelectromagnetics / Magnetic Field Therapy,Tissue Healing and Regeneration,"healing, bone, tissue, regeneration, osteogenesis"
Bioelectromagnetics / Magnetic Field Therapy,Pain and Inflammation Relief,"pain, inflammation, analgesic, musculoskeletal, relief"
Bioelectromagnetics / Magnetic Field Therapy,Bioelectromagnetism in Neurology,"neurostimulation, brain, eeg, meg, tms"
Bioelectromagnetics / Magnetic Field Therapy,Bioelectromagnetics Safety and Risk,"bioelectromagnetics, exposure, risk, safety, health"
Bioelectromagnetics / Magnetic Field Therapy,Therapy Device Optimization,"frequency, intensity, device, design, optimization"
Vector Calculus,Scalar Field Gradients,"gradient, scalar, field, directional, derivative"
Vector Calculus,Vector Field Divergence,"divergence, flux, volume, density, vector"
Vector Calculus,Vector Field Curl,"curl, rotation, circulation, field, vorticity"
Vector Calculus,Line Integrals & Work,"line, integral, path, work, curve"
Vector Calculus,Surface Integrals & Flux,"surface, integral, flux, area, normal"
Vector Calculus,Vector Calculus Theorems,"greens, stokes, theorem, divergence, fundamental"
Vector Calculus,Conservative Vector Fields,"potential, function, conservative, field, irrotational"
Discrete Mathematics,Graph Theory Fundamentals,"vertices, edges, paths, coloring, networks"
Discrete Mathematics,Advanced Combinatorial Counting,"counting, permutations, combinations, selection, enumeration"
Discrete Mathematics,Foundational Mathematical Concepts,"sets, relations, functions, logic, proofs"
Discrete Mathematics,Elementary Number Theory,"divisibility, prime, congruence, modular, cryptography"
Discrete Mathematics,Mathematical Logic and Proof,"boolean, tautology, predicates, quantifiers, inference"
Discrete Mathematics,Discrete and Combinatorial Optimization,"matroids, optimization, linear, integer, polyhedra"
Probability and Statistics,Random Variable Distributions,"distribution, probability, discrete, continuous, random"
Probability and Statistics,Statistical Hypothesis Testing,"hypothesis, testing, significance, null, alternative"
Probability and Statistics,Linear Regression Modeling,"regression, linear, model, variable, prediction"
Probability and Statistics,Bayesian Statistical Inference,"bayesian, inference, prior, posterior, likelihood"
Probability and Statistics,Sampling Theory and Methods,"sampling, population, sample, bias, error"
Probability and Statistics,Correlation and Covariance Analysis,"correlation, covariance, relationship, scatter, data"
Differential Equations,Ordinary Differential Equations Analysis,"ordinary, existence, uniqueness, stability, bifurcation"
Differential Equations,Nonlinear Dynamics and Chaos,"dynamical, system, chaos, nonlinear, attractor"
Differential Equations,Stochastic Differential Equations,"stochastic, wiener, ito, calculus, random"
Differential Equations,Boundary Value Problems,"boundary, eigenvalue, value, initial, conditions"
Differential Equations,Applied DE and Modeling,"modeling, applied, simulation, physical, equations"